source,source_id,name,city,address,latitude,longitude,phone,website,rating,review_count,opening_hours,price_range,tags,licensed,detail_url,lastmod
weed_th,8e205b43-3366-4400-8ace-83cfc48c1ed3,กัญชาห้วยหลวง cannabis,Udon Thani,"8MP6+P43 แยกไฟแดงเขื่อนห้วยหลวง / ตลาดกม.16 Tambon Khok Sa-at, Amphoe Mueang Udon Thani, Chang Wat Udon Thani 41000, Thailand",,,,,5.0,11,,,,,https://weed.th/shop/8e205b43-3366-4400-8ace-83cfc48c1ed3/udon-thani/%E0%B8%81%E0%B8%B1%E0%B8%8D%E0%B8%8A%E0%B8%B2%E0%B8%AB%E0%B9%89%E0%B8%A7%E0%B8%A2%E0%B8%AB%E0%B8%A5%E0%B8%A7%E0%B8%87-cannabis,2026-05-24T04:16:40.707Z
weed_th,b40174da-3801-448d-9f89-19e0bfa68a19,กัญ&amp;กัญ,Udon Thani,"652 4, Tambon Ban Phue, Amphoe Ban Phue, Chang Wat Udon Thani 41160, Thailand",,,,,5.0,6,,,,,https://weed.th/shop/b40174da-3801-448d-9f89-19e0bfa68a19/udon-thani/%E0%B8%81%E0%B8%B1%E0%B8%8D%E0%B8%81%E0%B8%B1%E0%B8%8D,2026-05-24T04:18:02.859Z
weed_th,f02dcd5c-5600-4857-a230-df7e00f47f39,ยัยตาแคคตัส,Udon Thani,,,,,,,,,,,,https://weed.th/shop/f02dcd5c-5600-4857-a230-df7e00f47f39/udon-thani/%E0%B8%A2%E0%B8%B1%E0%B8%A2%E0%B8%95%E0%B8%B2%E0%B9%81%E0%B8%84%E0%B8%84%E0%B8%95%E0%B8%B1%E0%B8%AA,2026-05-03T23:02:01.791Z
weed_th,91f833e3-fc12-41be-a052-d33e639a3239,ร้านเพื่อนกัญ 420,Udon Thani,"52 Tambon Kumphawapi, Amphoe Kumphawapi, Chang Wat Udon Thani 41110, Thailand",,,,,5.0,6,,,,,https://weed.th/shop/91f833e3-fc12-41be-a052-d33e639a3239/udon-thani/%E0%B8%A3%E0%B9%89%E0%B8%B2%E0%B8%99%E0%B9%80%E0%B8%9E%E0%B8%B7%E0%B9%88%E0%B8%AD%E0%B8%99%E0%B8%81%E0%B8%B1%E0%B8%8D-420,2026-05-24T04:36:52.883Z
weed_th,8d6b039d-a3e9-4935-a9ea-69c6a6bd44fb,420 Doggie Weed,Udon Thani,"บ้านเลื่อม ซ.แสงทอง Tambon Ban Lueam, เมือง Chang Wat Udon Thani 41000, Thailand",,,,,5.0,1,,,,,https://weed.th/shop/8d6b039d-a3e9-4935-a9ea-69c6a6bd44fb/udon-thani/420-doggie-weed,2026-05-24T04:36:36.580Z
weed_th,359f1ff0-111e-40f1-95c4-5f1cb30a3fde,SuaiShop Cannabis Store,Udon Thani,"22 3 Sumpuntamit Road, Tambon Mak Khaeng, เมือง Chang Wat Udon Thani 41000, Thailand",,,,,5.0,6,,,,,https://weed.th/shop/359f1ff0-111e-40f1-95c4-5f1cb30a3fde/udon-thani/suaishop-cannabis-store,2026-05-24T04:36:34.143Z
weed_th,2e032c23-3bef-40db-afa3-9108ffa1799c,KPH FARM วังสามหมอ,Udon Thani,"509 ม.9 วังสามหมอ Tambon Wang Sam Mo, Amphoe Wang Sam Mo, Chang Wat Udon Thani 41280, Thailand",,,,,4.8,8,,,,,https://weed.th/shop/2e032c23-3bef-40db-afa3-9108ffa1799c/udon-thani/kph-farm-%E0%B8%A7%E0%B8%B1%E0%B8%87%E0%B8%AA%E0%B8%B2%E0%B8%A1%E0%B8%AB%E0%B8%A1%E0%B8%AD,2026-05-24T04:36:09.195Z
weed_th,8df7088d-96e7-43f9-a110-185d3e7f4700,FordRasta Cannabis SHOP / จำหน่าย กัญชาอุดร ซ.ยูคอร์น ก่อนถึงทางรถไฟ,Udon Thani,"101 ก่อนถึงทางรถไฟ ซ.ยูคอร์น สามแยก โรงแรม เดอะรูม 4 Ruamjit Rd, Tambon Mak Khaeng, Amphoe Mueang Udon Thani, Chang Wat Udon Thani 41000, Thailand",,,,,5.0,4,,,,,https://weed.th/shop/8df7088d-96e7-43f9-a110-185d3e7f4700/udon-thani/fordrasta-cannabis-shop-%E0%B8%88%E0%B8%B3%E0%B8%AB%E0%B8%99%E0%B9%88%E0%B8%B2%E0%B8%A2-%E0%B8%81%E0%B8%B1%E0%B8%8D%E0%B8%8A%E0%B8%B2%E0%B8%AD%E0%B8%B8%E0%B8%94%E0%B8%A3-%E0%B8%8B%E0%B8%A2%E0%B8%B9%E0%B8%84%E0%B8%AD%E0%B8%A3%E0%B9%8C%E0%B8%99-%E0%B8%81%E0%B9%88%E0%B8%AD%E0%B8%99%E0%B8%96%E0%B8%B6%E0%B8%87%E0%B8%97%E0%B8%B2%E0%B8%87%E0%B8%A3%E0%B8%96%E0%B9%84%E0%B8%9F,2026-05-24T04:36:03.500Z
weed_th,f1211bfc-a442-421b-b165-b0dbb9b105b5,วาฬWhale Milk Tea-สาขาอุดรธานี,Udon Thani,"35 3 Thanon Thahan, Tambon Mak Khaeng, Amphoe Mueang Udon Thani, Chang Wat Udon Thani 41000, Thailand",,,,,4.3,18,,,,,https://weed.th/shop/f1211bfc-a442-421b-b165-b0dbb9b105b5/udon-thani/%E0%B8%A7%E0%B8%B2%E0%B8%ACwhale-milk-tea-%E0%B8%AA%E0%B8%B2%E0%B8%82%E0%B8%B2%E0%B8%AD%E0%B8%B8%E0%B8%94%E0%B8%A3%E0%B8%98%E0%B8%B2%E0%B8%99%E0%B8%B5,2026-05-03T23:02:01.791Z
weed_th,24755b94-e4af-4a26-8980-f69651841248,Greenlab cannabis ud,Udon Thani,"148 5 หมากแข้ง Tambon Chiang Phin, เมือง Chang Wat Udon Thani 41000, Thailand",,,,,5.0,11,,,,,https://weed.th/shop/24755b94-e4af-4a26-8980-f69651841248/udon-thani/greenlab-cannabis-ud,2026-05-24T04:35:51.915Z
weed_th,6f60649b-ad85-4b86-944f-77a401d86409,Termkan4:20.Cannabis Farm.,Udon Thani,"บ้าน 491 Tambon Sam Phrao, Amphoe Mueang Udon Thani, Chang Wat Udon Thani 41000, Thailand",,,,,5.0,4,,,,,https://weed.th/shop/6f60649b-ad85-4b86-944f-77a401d86409/udon-thani/termkan420cannabis-farm,2026-05-24T04:35:16.904Z
weed_th,12173c68-4fc4-4d77-aa63-02ffba3e66a6,Ganjaland,Udon Thani,"73/1 Tambon Mak Khaeng, เมือง Chang Wat Udon Thani 41000, Thailand",,,,,5.0,1,,,,,https://weed.th/shop/12173c68-4fc4-4d77-aa63-02ffba3e66a6/udon-thani/ganjaland,2026-05-24T04:34:23.213Z
weed_th,57496708-236b-4e0e-849e-de75f56196d4,Weed Station Udon,Udon Thani,"ร้าน weed station 122/1 Soi Thongkham Uthit, Tambon Mak Khaeng, เมือง Chang Wat Udon Thani 41000, Thailand",,,,,4.9,12,,,,,https://weed.th/shop/57496708-236b-4e0e-849e-de75f56196d4/udon-thani/weed-station-udon,2026-05-03T23:02:01.791Z
weed_th,1e11dc7b-92c0-41e3-a9c3-62cd69ec0316,AJB CANNABIS SHOP 5,Udon Thani,"37 หนองบัว 5, Tambon Nong Bua, เมือง Chang Wat Udon Thani 41000, Thailand",,,,,5.0,1,,,,,https://weed.th/shop/1e11dc7b-92c0-41e3-a9c3-62cd69ec0316/udon-thani/ajb-cannabis-shop-5,2026-05-24T04:33:50.146Z
weed_th,19d4431d-c69a-40ea-b855-fba7ea260d90,2 Ladies cannabis,Udon Thani,"44 Samphan Thamit Alley, เมือง Udon Thani 41000, Thailand",,,,,4.7,15,,,,,https://weed.th/shop/19d4431d-c69a-40ea-b855-fba7ea260d90/udon-thani/2-ladies-cannabis,2026-05-03T23:02:01.791Z
weed_th,e7a06859-f9fe-43dc-bc63-c3c7d570452f,nb og shop,Udon Thani,,,,,,,,,,,,https://weed.th/shop/e7a06859-f9fe-43dc-bc63-c3c7d570452f/udon-thani/nb-og-shop,2026-05-03T23:02:01.791Z
weed_th,34cf273b-541b-4cd9-9fd0-84ce11ba536b,Candy41 (Cannabis Shop),Udon Thani,"49 9 Watthananuwong, Tambon Mak Khaeng, Amphoe Mueang Udon Thani, Chang Wat Udon Thani 41000, Thailand",,,,,5.0,109,,,,,https://weed.th/shop/34cf273b-541b-4cd9-9fd0-84ce11ba536b/udon-thani/candy41-cannabis-shop,2026-05-24T04:33:16.648Z
weed_th,ae454157-5c59-49fc-9423-4cd7afb08848,พวกกัญ,Udon Thani,"3WGH+XR9, Pa Kho, Kumphawapi District, Udon Thani 41370, Thailand",,,,,5.0,13,,,,,https://weed.th/shop/ae454157-5c59-49fc-9423-4cd7afb08848/udon-thani/%E0%B8%9E%E0%B8%A7%E0%B8%81%E0%B8%81%E0%B8%B1%E0%B8%8D,2026-05-24T04:33:04.010Z
weed_th,8a7a04f5-7ff6-4f45-a2bb-b95759b4012f,Space Travel 420,Udon Thani,"88/1 ร้าน Flower Store ร้านส้มตำยายแดงหน้าโครงการรชยา 420 หมากแข้ง Tambon Nong Khon Kwang, เมือง Chang Wat Udon Thani 41000, Thailand",,,,,5.0,3,,,,,https://weed.th/shop/8a7a04f5-7ff6-4f45-a2bb-b95759b4012f/udon-thani/space-travel-420,2026-05-24T04:32:32.614Z
weed_th,960f50e4-f7d0-43ed-a12c-852d38cf2223,ฟาร์มกัญชา CANNABIS WARP FARM,Udon Thani,"หลังตลาดไทยศิริ 3 บ้านวัวข้อง Tambon Chiang Phin, เมือง Chang Wat Udon Thani 41000, Thailand",,,,,5.0,4,,,,,https://weed.th/shop/960f50e4-f7d0-43ed-a12c-852d38cf2223/udon-thani/%E0%B8%9F%E0%B8%B2%E0%B8%A3%E0%B9%8C%E0%B8%A1%E0%B8%81%E0%B8%B1%E0%B8%8D%E0%B8%8A%E0%B8%B2-cannabis-warp-farm,2026-05-24T04:32:12.604Z
weed_th,0b6e91f4-e9e7-4df8-a20a-b4b38e4e9e82,เติมกัญ420cannabisสามพร้าว,Udon Thani,"37 12 Tambon Sam Phrao, Amphoe Mueang Udon Thani, Chang Wat Udon Thani 41000, Thailand",,,,,5.0,9,,,,,https://weed.th/shop/0b6e91f4-e9e7-4df8-a20a-b4b38e4e9e82/udon-thani/%E0%B9%80%E0%B8%95%E0%B8%B4%E0%B8%A1%E0%B8%81%E0%B8%B1%E0%B8%8D420cannabis%E0%B8%AA%E0%B8%B2%E0%B8%A1%E0%B8%9E%E0%B8%A3%E0%B9%89%E0%B8%B2%E0%B8%A7,2026-05-24T04:31:59.624Z
weed_th,d79a87b1-4661-4848-8a4e-6cfd2d34f32a,เช็คอินกัญชา,Udon Thani,,,,,,,,,,,,https://weed.th/shop/d79a87b1-4661-4848-8a4e-6cfd2d34f32a/udon-thani/%E0%B9%80%E0%B8%8A%E0%B9%87%E0%B8%84%E0%B8%AD%E0%B8%B4%E0%B8%99%E0%B8%81%E0%B8%B1%E0%B8%8D%E0%B8%8A%E0%B8%B2,2026-05-03T23:02:01.791Z
weed_th,87425709-d378-4f10-8727-b5dd2df37527,ONE WEED 1,Udon Thani,"407 Tambon Mueang Phia, Amphoe Kut Chap, Chang Wat Udon Thani 41250, Thailand",,,,,5.0,1,,,,,https://weed.th/shop/87425709-d378-4f10-8727-b5dd2df37527/udon-thani/one-weed-1,2026-05-24T04:29:35.304Z
weed_th,53adb002-5096-4116-b05d-2eb197483ded,ชาชีส ปังปิ้ง,Udon Thani,"539/61 ถนน โพศรี ต.หมากแข้ง อ.เมือง หมากแข้ง Tambon Mak Khaeng, เมือง Chang Wat Udon Thani 41000, Thailand",,,,,5.0,1,,,,,https://weed.th/shop/53adb002-5096-4116-b05d-2eb197483ded/udon-thani/%E0%B8%8A%E0%B8%B2%E0%B8%8A%E0%B8%B5%E0%B8%AA-%E0%B8%9B%E0%B8%B1%E0%B8%87%E0%B8%9B%E0%B8%B4%E0%B9%89%E0%B8%87,2026-05-24T04:29:33.358Z
weed_th,3e77b588-6bbf-437e-a9ff-d78ea3c03914,The Brute Sir Cannabis(TBS),Udon Thani,"เลขที่133/14 หมดูที่1 ซ. กำนัน Tambon Mak Khaeng, Amphoe Mueang Udon Thani, Chang Wat Udon Thani 41000, Thailand",,,,,5.0,6,,,,,https://weed.th/shop/3e77b588-6bbf-437e-a9ff-d78ea3c03914/udon-thani/the-brute-sir-cannabistbs,2026-05-24T04:29:22.083Z
weed_th,fe7ea892-dfae-4be4-aa99-61f7207b2d72,Ganjaland,Udon Thani,"73/1 วัฒนานุวงศ์ ตำบลหมากแข้ง อำเภอเมือง Tambon Mak Khaeng, เมือง Chang Wat Udon Thani 41000, Thailand",,,,,5.0,4,,,,,https://weed.th/shop/fe7ea892-dfae-4be4-aa99-61f7207b2d72/udon-thani/ganjaland,2026-05-03T23:02:01.791Z
weed_th,163ed289-1a33-4d84-835d-574577f3b390,DrunkCat4:20 Cannabisshop,Udon Thani,"339 Tambon Sam Phrao, เมือง Chang Wat Udon Thani 41000, Thailand",,,,,5.0,36,,,,,https://weed.th/shop/163ed289-1a33-4d84-835d-574577f3b390/udon-thani/drunkcat420-cannabisshop,2026-05-05T20:29:46.131Z
weed_th,7cd95b4c-e43a-4910-817e-2a531231acd6,เพลินกัญ อุดรธานี cannabis Home,Udon Thani,"7 2263, Tambon Ban Lueam, Amphoe Mueang Udon Thani, Chang Wat Udon Thani 41000, Thailand",,,,,4.8,17,,,,,https://weed.th/shop/7cd95b4c-e43a-4910-817e-2a531231acd6/udon-thani/%E0%B9%80%E0%B8%9E%E0%B8%A5%E0%B8%B4%E0%B8%99%E0%B8%81%E0%B8%B1%E0%B8%8D-%E0%B8%AD%E0%B8%B8%E0%B8%94%E0%B8%A3%E0%B8%98%E0%B8%B2%E0%B8%99%E0%B8%B5-cannabis-home,2026-05-03T23:02:01.791Z
weed_th,76e17de2-dcc6-4763-b2ba-e02a4d5784be,MS Dynolab by คาวดาก,Udon Thani,"4/7 ถนน สุรการ ตำบล หมากแข้ง อำเภอ เมือง Tambon Mak Khaeng, เมือง Chang Wat Udon Thani 41000, Thailand",,,,,5.0,2,,,,,https://weed.th/shop/76e17de2-dcc6-4763-b2ba-e02a4d5784be/udon-thani/ms-dynolab-by-%E0%B8%84%E0%B8%B2%E0%B8%A7%E0%B8%94%E0%B8%B2%E0%B8%81,2026-05-24T04:28:03.120Z
weed_th,ea723bcd-173e-420b-8600-7a0b1dd72915,TermGun,Udon Thani,"44 45 Mak Khaeng, Tambon Mak Khaeng, เมือง Chang Wat Udon Thani 41000, Thailand",,,,,5.0,35,,,,,https://weed.th/shop/ea723bcd-173e-420b-8600-7a0b1dd72915/udon-thani/termgun,2026-05-24T04:26:13.264Z
weed_th,05add87a-c26a-4efc-aa23-41d7480ec1eb,TONSAI PLAYTANG ต้นสายปลายทาง สาขา 2 กัญชา,Udon Thani,"R. Kitakavee, Piboon Rd, Amphoe Mueang Udon Thani, Chang Wat Udon Thani 41000, Thailand",,,,,5.0,4,,,,,https://weed.th/shop/05add87a-c26a-4efc-aa23-41d7480ec1eb/udon-thani/tonsai-playtang-%E0%B8%95%E0%B9%89%E0%B8%99%E0%B8%AA%E0%B8%B2%E0%B8%A2%E0%B8%9B%E0%B8%A5%E0%B8%B2%E0%B8%A2%E0%B8%97%E0%B8%B2%E0%B8%87-%E0%B8%AA%E0%B8%B2%E0%B8%82%E0%B8%B2-2-%E0%B8%81%E0%B8%B1%E0%B8%8D%E0%B8%8A%E0%B8%B2,2026-05-24T04:24:14.575Z
weed_th,bf641a20-9636-4d9e-be7e-9da391230454,กัญชาshop ถนนอุดรดุษฎี,Udon Thani,,,,,,,,,,,,https://weed.th/shop/bf641a20-9636-4d9e-be7e-9da391230454/udon-thani/%E0%B8%81%E0%B8%B1%E0%B8%8D%E0%B8%8A%E0%B8%B2shop-%E0%B8%96%E0%B8%99%E0%B8%99%E0%B8%AD%E0%B8%B8%E0%B8%94%E0%B8%A3%E0%B8%94%E0%B8%B8%E0%B8%A9%E0%B8%8E%E0%B8%B5,2026-05-03T23:02:01.791Z
weed_th,3d3f62fc-8582-4488-bc16-f211c2168056,กัญกัญ,Udon Thani,,,,,,,,,,,,https://weed.th/shop/3d3f62fc-8582-4488-bc16-f211c2168056/udon-thani/%E0%B8%81%E0%B8%B1%E0%B8%8D%E0%B8%81%E0%B8%B1%E0%B8%8D,2026-05-03T23:02:01.791Z
weed_th,fd2b4c9c-51d1-498b-8781-9d5ecf7e6167,เคลิ้มกัญ คาเฟ่ สาขาเมืองอุดรธานี,Udon Thani,"Adulyadej Road, Tambon Mak Khaeng, เมือง Chang Wat Udon Thani 41000, Thailand",,,,,5.0,1,,,,,https://weed.th/shop/fd2b4c9c-51d1-498b-8781-9d5ecf7e6167/udon-thani/%E0%B9%80%E0%B8%84%E0%B8%A5%E0%B8%B4%E0%B9%89%E0%B8%A1%E0%B8%81%E0%B8%B1%E0%B8%8D-%E0%B8%84%E0%B8%B2%E0%B9%80%E0%B8%9F%E0%B9%88-%E0%B8%AA%E0%B8%B2%E0%B8%82%E0%B8%B2%E0%B9%80%E0%B8%A1%E0%B8%B7%E0%B8%AD%E0%B8%87%E0%B8%AD%E0%B8%B8%E0%B8%94%E0%B8%A3%E0%B8%98%E0%B8%B2%E0%B8%99%E0%B8%B5,2026-05-03T23:02:01.791Z
weed_th,d0d798f1-cd1b-4534-b028-7f411ac92559,AK420 Cannabis Shop Udon,Udon Thani,"284 32 บ้าน Soi Nonglek, Tambon Mak Khaeng, เมือง Chang Wat Udon Thani 41000, Thailand",,,,,5.0,7,,,,,https://weed.th/shop/d0d798f1-cd1b-4534-b028-7f411ac92559/udon-thani/ak420-cannabis-shop-udon,2026-05-24T04:23:15.698Z
weed_th,492e82cb-5695-48c9-977b-56a405e293d1,ปิดแล้ว,Udon Thani,,,,,,,,,,,,https://weed.th/shop/492e82cb-5695-48c9-977b-56a405e293d1/udon-thani/%E0%B8%9B%E0%B8%B4%E0%B8%94%E0%B9%81%E0%B8%A5%E0%B9%89%E0%B8%A7,2026-05-03T23:02:01.791Z
weed_th,2195346e-f954-43bf-b983-bf125a536bf5,JaFord Weed (กัญชา อุดร),Udon Thani,"777/777 หลังเซเว่น ตลาดบ้านเหล่า Tambon Mak Khaeng, เมือง Chang Wat Udon Thani 41000, Thailand",,,,,5.0,1,,,,,https://weed.th/shop/2195346e-f954-43bf-b983-bf125a536bf5/udon-thani/jaford-weed-%E0%B8%81%E0%B8%B1%E0%B8%8D%E0%B8%8A%E0%B8%B2-%E0%B8%AD%E0%B8%B8%E0%B8%94%E0%B8%A3,2026-05-24T04:21:30.013Z
weed_th,15eddc2e-98a2-46fc-a595-2b0492bf5e94,MR.SADMAN FARM,Udon Thani,"112 Tambon Huai Sam Phat, Amphoe Prachaksinlapakhom, Chang Wat Udon Thani 41110, Thailand",,,,,5.0,17,,,,,https://weed.th/shop/15eddc2e-98a2-46fc-a595-2b0492bf5e94/udon-thani/mrsadman-farm,2026-05-24T04:20:41.183Z
weed_th,8cac4802-25e8-439a-8808-4e301d7f2dc2,กัญชาออแกนิค100,Udon Thani,"เพ็ญ Tambon Phen, Amphoe Phen, Chang Wat Udon Thani 41150, Thailand",,,,,5.0,1,,,,,https://weed.th/shop/8cac4802-25e8-439a-8808-4e301d7f2dc2/udon-thani/%E0%B8%81%E0%B8%B1%E0%B8%8D%E0%B8%8A%E0%B8%B2%E0%B8%AD%E0%B8%AD%E0%B9%81%E0%B8%81%E0%B8%99%E0%B8%B4%E0%B8%84100,2026-05-24T04:19:23.394Z
weed_th,52404794-0a0f-4df6-9751-768688dde01b,TG Cannabis,Udon Thani,"681 Tambon Sam Phrao, เมือง Chang Wat Udon Thani 41000, Thailand",,,,,5.0,1,,,,,https://weed.th/shop/52404794-0a0f-4df6-9751-768688dde01b/udon-thani/tg-cannabis,2026-05-24T04:19:05.040Z
weed_th,c167e47d-b1e8-482d-96b1-a39f92a18a60,กัญชาออร์แกนิกอุดร3,Udon Thani,,,,,,,,,,,,https://weed.th/shop/c167e47d-b1e8-482d-96b1-a39f92a18a60/udon-thani/%E0%B8%81%E0%B8%B1%E0%B8%8D%E0%B8%8A%E0%B8%B2%E0%B8%AD%E0%B8%AD%E0%B8%A3%E0%B9%8C%E0%B9%81%E0%B8%81%E0%B8%99%E0%B8%B4%E0%B8%81%E0%B8%AD%E0%B8%B8%E0%B8%94%E0%B8%A33,2026-05-03T23:02:01.791Z
weed_th,5edce389-b39b-4111-a6e8-1270af69a08a,เตี๋ยว กัญชา BP FOOD,Udon Thani,"74/23 Tambon Mak Khaeng, เมือง Chang Wat Udon Thani 41000, Thailand",,,,,5.0,1,,,,,https://weed.th/shop/5edce389-b39b-4111-a6e8-1270af69a08a/udon-thani/%E0%B9%80%E0%B8%95%E0%B8%B5%E0%B9%8B%E0%B8%A2%E0%B8%A7-%E0%B8%81%E0%B8%B1%E0%B8%8D%E0%B8%8A%E0%B8%B2-bp-food,2026-05-24T04:18:14.322Z
weed_th,30c60cc3-1301-49b5-8c11-6dc4817fd576,She&apos;s Weed,Udon Thani,"57 โพนพิสัย ตำบลหมากแข้ง อำเภอเมืองอุดรธานี หมากแข้ง Tambon Mak Khaeng, เมือง Chang Wat Udon Thani 41000, Thailand",,,,,4.4,16,,,,,https://weed.th/shop/30c60cc3-1301-49b5-8c11-6dc4817fd576/udon-thani/shes-weed,2026-05-03T23:02:01.791Z
weed_th,4b1de9bf-a696-4a9c-8512-60355c932802,กัญชาอุดรธานี สโตนวีด stoned weed cannabis udon thani,Udon Thani,,,,,,,,,,,,https://weed.th/shop/4b1de9bf-a696-4a9c-8512-60355c932802/udon-thani/%E0%B8%81%E0%B8%B1%E0%B8%8D%E0%B8%8A%E0%B8%B2%E0%B8%AD%E0%B8%B8%E0%B8%94%E0%B8%A3%E0%B8%98%E0%B8%B2%E0%B8%99%E0%B8%B5-%E0%B8%AA%E0%B9%82%E0%B8%95%E0%B8%99%E0%B8%A7%E0%B8%B5%E0%B8%94-stoned-weed-cannabis-udon-thani,2026-05-03T23:02:01.791Z
weed_th,5a1ca53b-02b6-4185-87f6-7e685f1c4601,กัญชา ช็อป,Udon Thani,"213 Tambon Nong Na Kham, เมือง Chang Wat Udon Thani 41000, Thailand",,,,,5.0,4,,,,,https://weed.th/shop/5a1ca53b-02b6-4185-87f6-7e685f1c4601/udon-thani/%E0%B8%81%E0%B8%B1%E0%B8%8D%E0%B8%8A%E0%B8%B2-%E0%B8%8A%E0%B9%87%E0%B8%AD%E0%B8%9B,2026-05-24T04:17:21.589Z
weed_th,f408c66d-e25a-4c3c-ba19-159f008169d3,ฟอร์ด โอสถ ( จำหน่าย ผลิตภัณฑ์ สมุนไพรไทย ),Udon Thani,"77/9 หลัง เซเว่น ตลาดบ้านเหล่า Tambon Mak Khaeng, Amphoe Mueang Udon Thani, Chang Wat Udon Thani 41000, Thailand",,,,,5.0,4,,,,,https://weed.th/shop/f408c66d-e25a-4c3c-ba19-159f008169d3/udon-thani/%E0%B8%9F%E0%B8%AD%E0%B8%A3%E0%B9%8C%E0%B8%94-%E0%B9%82%E0%B8%AD%E0%B8%AA%E0%B8%96-%E0%B8%88%E0%B8%B3%E0%B8%AB%E0%B8%99%E0%B9%88%E0%B8%B2%E0%B8%A2-%E0%B8%9C%E0%B8%A5%E0%B8%B4%E0%B8%95%E0%B8%A0%E0%B8%B1%E0%B8%93%E0%B8%91%E0%B9%8C-%E0%B8%AA%E0%B8%A1%E0%B8%B8%E0%B8%99%E0%B9%84%E0%B8%9E%E0%B8%A3%E0%B9%84%E0%B8%97%E0%B8%A2,2026-05-24T04:17:09.213Z
weed_th,f62da1d4-2c7c-4970-8ac6-f8182631f4f4,Kcannabis Store UD,Udon Thani,"Chaemnuson, Tambon Mak Khaeng, เมือง Chang Wat Udon Thani 41000, Thailand",,,,,3.4,5,,,,,https://weed.th/shop/f62da1d4-2c7c-4970-8ac6-f8182631f4f4/udon-thani/kcannabis-store-ud,2026-05-03T23:02:01.791Z
weed_th,94f4bb48-3f3a-4c3c-922d-1f09168ca1ac,Dong Keng Cannabis shop,Udon Thani,"บ 72/4 Thanon Mittraphap, Tambon Ban Chan, เมือง Chang Wat Udon Thani 41000, Thailand",,,,,4.9,11,,,,,https://weed.th/shop/94f4bb48-3f3a-4c3c-922d-1f09168ca1ac/udon-thani/dong-keng-cannabis-shop,2026-05-03T23:02:01.791Z
weed_th,2dec842f-5c58-4d8c-9eff-88f8b93a678e,Rainbow candy cannabis,Udon Thani,"M7X4+XGQ 2 Tambon Ban Dung, Amphoe Ban Dung, Chang Wat Udon Thani 41190, Thailand",,,,,5.0,5,,,,,https://weed.th/shop/2dec842f-5c58-4d8c-9eff-88f8b93a678e/udon-thani/rainbow-candy-cannabis,2026-05-24T04:14:17.285Z
weed_th,a167474c-7420-49e4-bf5a-543ad45b7f60,Shop KPUDสหายกันช์,Udon Thani,"บ้านเลขที่ 42/1 ถ Phon Phisai, Tambon Mak Khaeng, เมือง Chang Wat Udon Thani 41000, Thailand",,,,,5.0,2,,,,,https://weed.th/shop/a167474c-7420-49e4-bf5a-543ad45b7f60/udon-thani/shop-kpud%E0%B8%AA%E0%B8%AB%E0%B8%B2%E0%B8%A2%E0%B8%81%E0%B8%B1%E0%B8%99%E0%B8%8A%E0%B9%8C,2026-05-24T04:13:56.874Z
weed_th,edaf6551-9c22-4513-8fad-e916321c6348,BKG Cannabis 420,Udon Thani,"597/2 ถ.มิตรภาพอุดร-ขอนเเก่น Tambon Ban Chan, เมือง Chang Wat Udon Thani 41000, Thailand",,,,,5.0,3,,,,,https://weed.th/shop/edaf6551-9c22-4513-8fad-e916321c6348/udon-thani/bkg-cannabis-420,2026-05-03T23:02:01.791Z
weed_th,135dfc48-6f54-46bc-93bd-184ebfb2a4c5,Smart Cannabis by AOG,Udon Thani,"CR28+QCJ, Nong Bua Sub-district, Mueang Udon Thani District, Udon Thani 41000, Thailand",,,,,5.0,5,,,,,https://weed.th/shop/135dfc48-6f54-46bc-93bd-184ebfb2a4c5/udon-thani/smart-cannabis-by-aog,2026-05-24T04:13:36.197Z
weed_th,fd800d9f-a6f2-4e23-80fb-3a7226ebc8a1,กอดกัญ,Udon Thani,"212 6 Thanon Udondutsadi, Tambon Mak Khaeng, Amphoe Mueang Udon Thani, Chang Wat Udon Thani 41000, Thailand",,,,,5.0,11,,,,,https://weed.th/shop/fd800d9f-a6f2-4e23-80fb-3a7226ebc8a1/udon-thani/%E0%B8%81%E0%B8%AD%E0%B8%94%E0%B8%81%E0%B8%B1%E0%B8%8D,2026-05-03T23:02:01.791Z
weed_th,7ea86103-6398-4c91-8a29-a6eab081334d,Ud herb farm,Udon Thani,"62 9 Thongcomuthit Rd, Tambon Mak Khaeng, เมือง Chang Wat Udon Thani 41000, Thailand",,,,,5.0,1,,,,,https://weed.th/shop/7ea86103-6398-4c91-8a29-a6eab081334d/udon-thani/ud-herb-farm,2026-05-24T04:12:11.129Z
weed_th,e112b840-fa82-46d5-b0de-dce588c90e38,ร้านกัญชาUD Smlie,Udon Thani,"บ้านถิ่น Ban That, Phen District, Udon Thani 41150, Thailand",,,,,5.0,4,,,,,https://weed.th/shop/e112b840-fa82-46d5-b0de-dce588c90e38/udon-thani/%E0%B8%A3%E0%B9%89%E0%B8%B2%E0%B8%99%E0%B8%81%E0%B8%B1%E0%B8%8D%E0%B8%8A%E0%B8%B2ud-smlie,2026-05-24T04:12:09.299Z
weed_th,34958e48-0daa-42fd-9f55-f7e92b4e45cf,ลิ้นจี่ Lychee (ตลาดรถไฟ),Udon Thani,"323/1 Pajaksinlapacom Rd, Tambon Mak Khaeng, เมือง Chang Wat Udon Thani 41000, Thailand",,,,,5.0,1,,,,,https://weed.th/shop/34958e48-0daa-42fd-9f55-f7e92b4e45cf/udon-thani/%E0%B8%A5%E0%B8%B4%E0%B9%89%E0%B8%99%E0%B8%88%E0%B8%B5%E0%B9%88-lychee-%E0%B8%95%E0%B8%A5%E0%B8%B2%E0%B8%94%E0%B8%A3%E0%B8%96%E0%B9%84%E0%B8%9F,2026-05-24T04:12:08.933Z
weed_th,c2003733-a9a4-44ba-a111-672d88dc5960,Cannabis,Udon Thani,"844/1-3 Thanon Thahan, Tambon Ban Chan, Amphoe Mueang Udon Thani, Chang Wat Udon Thani 41000, Thailand",,,,,5.0,2,,,,,https://weed.th/shop/c2003733-a9a4-44ba-a111-672d88dc5960/udon-thani/cannabis,2026-05-24T04:11:57.856Z
weed_th,72713088-97aa-44a9-8725-d961fa770b03,guruWEED,Udon Thani,"429 Wutthi Anan Soi 1, Tambon Mak Khaeng, Amphoe Mueang Udon Thani, Chang Wat Udon Thani 41000, Thailand",,,,,5.0,1,,,,,https://weed.th/shop/72713088-97aa-44a9-8725-d961fa770b03/udon-thani/guruweed,2026-05-24T04:11:56.823Z
weed_th,1ead03c0-160b-4d54-bd6c-268367bea59b,ร้านเนื้ออุดร420 อุดรเหมืองแบ่ง,Udon Thani,,,,,,,,,,,,https://weed.th/shop/1ead03c0-160b-4d54-bd6c-268367bea59b/udon-thani/%E0%B8%A3%E0%B9%89%E0%B8%B2%E0%B8%99%E0%B9%80%E0%B8%99%E0%B8%B7%E0%B9%89%E0%B8%AD%E0%B8%AD%E0%B8%B8%E0%B8%94%E0%B8%A3420-%E0%B8%AD%E0%B8%B8%E0%B8%94%E0%B8%A3%E0%B9%80%E0%B8%AB%E0%B8%A1%E0%B8%B7%E0%B8%AD%E0%B8%87%E0%B9%81%E0%B8%9A%E0%B9%88%E0%B8%87,2026-05-05T17:14:05.099Z
weed_th,f7705875-edce-4342-9497-e066e99ffbb5,โลกีย์ WEED,Udon Thani,"285 Soi Dusadi 7, Tambon Mak Khaeng, เมือง, Chang Wat Udon Thani 41000, Thailand",,,,,5.0,6,,,,,https://weed.th/shop/f7705875-edce-4342-9497-e066e99ffbb5/udon-thani/%E0%B9%82%E0%B8%A5%E0%B8%81%E0%B8%B5%E0%B8%A2%E0%B9%8C-weed,2026-05-24T04:15:35.594Z
weed_th,aad06704-93d3-414c-81c8-a6aee6c1be3d,ร้านกัญบ้านผือ Cannabis Shop,Udon Thani,"195 Tambon Ban Phue, Amphoe Ban Phue, Chang Wat Udon Thani 41160, Thailand",,,,,5.0,13,,,,,https://weed.th/shop/aad06704-93d3-414c-81c8-a6aee6c1be3d/udon-thani/%E0%B8%A3%E0%B9%89%E0%B8%B2%E0%B8%99%E0%B8%81%E0%B8%B1%E0%B8%8D%E0%B8%9A%E0%B9%89%E0%B8%B2%E0%B8%99%E0%B8%9C%E0%B8%B7%E0%B8%AD-cannabis-shop,2026-05-24T04:15:46.778Z
weed_th,409aee82-dbfd-4e46-8170-eb09487286d1,Cannabis Farm บ้านเลื่อม อุดรธานี,Udon Thani,"CQM6+Q4F โพธิท์อง Tambon Ban Lueam, Amphoe Mueang Udon Thani, Chang Wat Udon Thani 41000, Thailand",,,,,5.0,1,,,,,https://weed.th/shop/409aee82-dbfd-4e46-8170-eb09487286d1/udon-thani/cannabis-farm-%E0%B8%9A%E0%B9%89%E0%B8%B2%E0%B8%99%E0%B9%80%E0%B8%A5%E0%B8%B7%E0%B9%88%E0%B8%AD%E0%B8%A1-%E0%B8%AD%E0%B8%B8%E0%B8%94%E0%B8%A3%E0%B8%98%E0%B8%B2%E0%B8%99%E0%B8%B5,2026-05-24T04:16:38.947Z
weed_th,65d3aa3f-0d01-4efc-99b1-2eeac1bd6403,เติมกัญ 420 cannabis @บ้านดุง,Udon Thani,"83 2, Tambon Si Sut Tho, Amphoe Ban Dung, Chang Wat Udon Thani 41190, Thailand",,,,,5.0,11,,,,,https://weed.th/shop/65d3aa3f-0d01-4efc-99b1-2eeac1bd6403/udon-thani/%E0%B9%80%E0%B8%95%E0%B8%B4%E0%B8%A1%E0%B8%81%E0%B8%B1%E0%B8%8D-420-cannabis-%E0%B8%9A%E0%B9%89%E0%B8%B2%E0%B8%99%E0%B8%94%E0%B8%B8%E0%B8%87,2026-05-24T04:37:44.961Z
weed_th,0cab1b85-5e48-400a-8a36-31f054574ba0,MA MAO,Udon Thani,"CVWH+2CQ, Sam Phrao, Mueang Udon Thani District, Udon Thani 41000, Thailand",,,,,5.0,77,,,,,https://weed.th/shop/0cab1b85-5e48-400a-8a36-31f054574ba0/udon-thani/ma-mao,2026-05-24T04:16:49.893Z
weed_th,832ae026-9b2c-49dc-9819-b937610c88ea,FULLTANK2,Udon Thani,"บ้านเลขที่219 Tambon Phan Don, Amphoe Kumphawapi, Chang Wat Udon Thani 41110, Thailand",,,,,5.0,4,,,,,https://weed.th/shop/832ae026-9b2c-49dc-9819-b937610c88ea/udon-thani/fulltank2,2026-05-24T04:37:27.716Z
weed_th,dc52dce5-2b59-4f97-a22a-c9f2c676f6e2,JaFord Cannabis SHOP/ จำหน่ายกัญชา (อุดร) ข้างๆเซเว่น ซ.พรหมประกาย,Udon Thani,"99/99 Tambon Ban Lueam, เมือง Chang Wat Udon Thani 41000, Thailand",,,,,5.0,11,,,,,https://weed.th/shop/dc52dce5-2b59-4f97-a22a-c9f2c676f6e2/udon-thani/jaford-cannabis-shop-%E0%B8%88%E0%B8%B3%E0%B8%AB%E0%B8%99%E0%B9%88%E0%B8%B2%E0%B8%A2%E0%B8%81%E0%B8%B1%E0%B8%8D%E0%B8%8A%E0%B8%B2-%E0%B8%AD%E0%B8%B8%E0%B8%94%E0%B8%A3-%E0%B8%82%E0%B9%89%E0%B8%B2%E0%B8%87%E0%B9%86%E0%B9%80%E0%B8%8B%E0%B9%80%E0%B8%A7%E0%B9%88%E0%B8%99-%E0%B8%8B%E0%B8%9E%E0%B8%A3%E0%B8%AB%E0%B8%A1%E0%B8%9B%E0%B8%A3%E0%B8%B0%E0%B8%81%E0%B8%B2%E0%B8%A2,2026-05-24T04:37:14.980Z
weed_th,76f1be12-5a40-41e3-b4d4-83eb92ba7759,กัญชามิตรภาพ,Udon Thani,,,,,,,,,,,,https://weed.th/shop/76f1be12-5a40-41e3-b4d4-83eb92ba7759/udon-thani/%E0%B8%81%E0%B8%B1%E0%B8%8D%E0%B8%8A%E0%B8%B2%E0%B8%A1%E0%B8%B4%E0%B8%95%E0%B8%A3%E0%B8%A0%E0%B8%B2%E0%B8%9E,2026-05-03T23:02:01.791Z
weed_th,c34b3832-6482-4b2c-affc-a5340bbd6b29,shiba cannabis ชิบา แคนนาบิส,Udon Thani,,,,,,,,,,,,https://weed.th/shop/c34b3832-6482-4b2c-affc-a5340bbd6b29/udon-thani/shiba-cannabis-%E0%B8%8A%E0%B8%B4%E0%B8%9A%E0%B8%B2-%E0%B9%81%E0%B8%84%E0%B8%99%E0%B8%99%E0%B8%B2%E0%B8%9A%E0%B8%B4%E0%B8%AA,2026-05-03T23:02:01.791Z
weed_th,7a42845f-118d-4dc1-ade1-4561f1f08065,OG GG,Udon Thani,"49|10 Mak Khaeng, Tambon Ban Lueam, เมือง Chang Wat Udon Thani 41000, Thailand",,,,,5.0,6,,,,,https://weed.th/shop/7a42845f-118d-4dc1-ade1-4561f1f08065/udon-thani/og-gg,2026-05-24T04:36:22.393Z
weed_th,be24df24-1451-4fe4-ac22-f9a6283c6555,Vegas Cannabis Shop,Udon Thani,"353 Mayuree Resort Tambon Sam Phrao, เมือง Chang Wat Udon Thani 41000, Thailand",,,,,4.3,6,,,,,https://weed.th/shop/be24df24-1451-4fe4-ac22-f9a6283c6555/udon-thani/vegas-cannabis-shop,2026-05-03T23:02:01.791Z
weed_th,ca71d546-cebc-4a81-bbf2-cc6808880325,the blusir cannabis shop,Udon Thani,,,,,,,,,,,,https://weed.th/shop/ca71d546-cebc-4a81-bbf2-cc6808880325/udon-thani/the-blusir-cannabis-shop,2026-05-03T23:02:01.791Z
weed_th,befdc280-21f9-4d8e-b484-3c25e6a327e5,ยอดมนุษย์กัญชาคาเฟ่ สาขา ร้านรีแลคซ์ CAFE สร้างคอม อุดรธานี,Udon Thani,"R3HV+958 Unnamed Road Tambon Sang Khom, Amphoe Sang Khom, Chang Wat Udon Thani 41260, Thailand",,,,,5.0,3,,,,,https://weed.th/shop/befdc280-21f9-4d8e-b484-3c25e6a327e5/udon-thani/%E0%B8%A2%E0%B8%AD%E0%B8%94%E0%B8%A1%E0%B8%99%E0%B8%B8%E0%B8%A9%E0%B8%A2%E0%B9%8C%E0%B8%81%E0%B8%B1%E0%B8%8D%E0%B8%8A%E0%B8%B2%E0%B8%84%E0%B8%B2%E0%B9%80%E0%B8%9F%E0%B9%88-%E0%B8%AA%E0%B8%B2%E0%B8%82%E0%B8%B2-%E0%B8%A3%E0%B9%89%E0%B8%B2%E0%B8%99%E0%B8%A3%E0%B8%B5%E0%B9%81%E0%B8%A5%E0%B8%84%E0%B8%8B%E0%B9%8C-cafe-%E0%B8%AA%E0%B8%A3%E0%B9%89%E0%B8%B2%E0%B8%87%E0%B8%84%E0%B8%AD%E0%B8%A1-%E0%B8%AD%E0%B8%B8%E0%B8%94%E0%B8%A3%E0%B8%98%E0%B8%B2%E0%B8%99%E0%B8%B5,2026-05-24T04:36:10.792Z
weed_th,a554fec6-a751-41a2-abab-71b0b30649a7,กระท่อม - กัญ ทางออกสกล - YUNRANG,Udon Thani,"99 Tambon Ban Lueam, Amphoe Mueang Udon Thani, Chang Wat Udon Thani 41000, Thailand",,,,,5.0,7,,,,,https://weed.th/shop/a554fec6-a751-41a2-abab-71b0b30649a7/udon-thani/%E0%B8%81%E0%B8%A3%E0%B8%B0%E0%B8%97%E0%B9%88%E0%B8%AD%E0%B8%A1-%E0%B8%81%E0%B8%B1%E0%B8%8D-%E0%B8%97%E0%B8%B2%E0%B8%87%E0%B8%AD%E0%B8%AD%E0%B8%81%E0%B8%AA%E0%B8%81%E0%B8%A5-yunrang,2026-05-24T04:35:43.928Z
weed_th,adfb986e-a3cd-425d-a28a-532d63e8111d,Fulltank Cannabisshop ร้านกัญชา,Udon Thani,"189 Tambon Kumphawapi, Amphoe Kumphawapi, Chang Wat Udon Thani 41110, Thailand",,,,,5.0,6,,,,,https://weed.th/shop/adfb986e-a3cd-425d-a28a-532d63e8111d/udon-thani/fulltank-cannabisshop-%E0%B8%A3%E0%B9%89%E0%B8%B2%E0%B8%99%E0%B8%81%E0%B8%B1%E0%B8%8D%E0%B8%8A%E0%B8%B2,2026-05-24T04:35:04.547Z
weed_th,7e9e6a14-caf8-4d58-80e4-74ce7beaf571,God Cannabis,Udon Thani,"212 6 Thanon Udondutsadi, Tambon Mak Khaeng, อ.เมือง Chang Wat Udon Thani 41000, Thailand",,,,,5.0,22,,,,,https://weed.th/shop/7e9e6a14-caf8-4d58-80e4-74ce7beaf571/udon-thani/god-cannabis,2026-05-24T04:34:21.082Z
weed_th,1b434617-cab0-4a9d-87c6-1b2117a08e93,Faed-Nrk Cannabis Farmer (กัญชาคุณภาพ)🪴🥦🧑‍🌾💚,Udon Thani,"8/2 ม.1 ถ.นิตโย Soi Nongbua, Tambon Mak Khaeng, เมือง Chang Wat Udon Thani 41000, Thailand",,,,,5.0,8,,,,,https://weed.th/shop/1b434617-cab0-4a9d-87c6-1b2117a08e93/udon-thani/faed-nrk-cannabis-farmer-%E0%B8%81%E0%B8%B1%E0%B8%8D%E0%B8%8A%E0%B8%B2%E0%B8%84%E0%B8%B8%E0%B8%93%E0%B8%A0%E0%B8%B2%E0%B8%9E,2026-05-24T04:34:18.480Z
weed_th,769702e4-aa78-41bc-a1bc-548247a58c79,Flower Box Udon,Udon Thani,"80/41 Soi Jintakarm, Tambon Mak Khaeng, Amphoe Mueang Udon Thani, Chang Wat Udon Thani 41000, Thailand",,,,,5.0,10,,,,,https://weed.th/shop/769702e4-aa78-41bc-a1bc-548247a58c79/udon-thani/flower-box-udon,2026-05-03T23:02:01.791Z
weed_th,323182e7-9ee0-4eb6-908e-483422663671,! 420KHOT!HIGH SHOP สวนหน้าบ้านฟาร์ม,Udon Thani,"Thanon Mittraphap, Tambon Ban Chan, เมือง Chang Wat Udon Thani 41000, Thailand",,,,,5.0,2,,,,,https://weed.th/shop/323182e7-9ee0-4eb6-908e-483422663671/udon-thani/420khothigh-shop-%E0%B8%AA%E0%B8%A7%E0%B8%99%E0%B8%AB%E0%B8%99%E0%B9%89%E0%B8%B2%E0%B8%9A%E0%B9%89%E0%B8%B2%E0%B8%99%E0%B8%9F%E0%B8%B2%E0%B8%A3%E0%B9%8C%E0%B8%A1,2026-05-24T04:33:52.678Z
weed_th,2b12091a-dee8-46dc-90c3-88dcbe9e0456,บ้านกัญชา 420,Udon Thani,"57 บ้านดงอุดม ต ซ. หนองบัว Mueang Udon Thani District, Udon Thani 41000, Thailand",,,,,4.8,9,,,,,https://weed.th/shop/2b12091a-dee8-46dc-90c3-88dcbe9e0456/udon-thani/%E0%B8%9A%E0%B9%89%E0%B8%B2%E0%B8%99%E0%B8%81%E0%B8%B1%E0%B8%8D%E0%B8%8A%E0%B8%B2-420,2026-05-03T23:02:01.791Z
weed_th,5e70fac8-4f56-41ac-b0ed-e91ecd519ea6,จีออโต้ซี๊ด(G.Autoseeds),Udon Thani,"85 Tambon Huai Koeng, Amphoe Kumphawapi, Chang Wat Udon Thani 41110, Thailand",,,,,5.0,16,,,,,https://weed.th/shop/5e70fac8-4f56-41ac-b0ed-e91ecd519ea6/udon-thani/%E0%B8%88%E0%B8%B5%E0%B8%AD%E0%B8%AD%E0%B9%82%E0%B8%95%E0%B9%89%E0%B8%8B%E0%B8%B5%E0%B9%8A%E0%B8%94gautoseeds,2026-05-24T04:33:42.561Z
weed_th,192b6f4f-bdb5-4f39-911b-7ab907892374,Faed-Nrk Cannabis Farmer (Strike weed shop)🌱🪴🥦💚🧑‍🌾,Udon Thani,"8/2 ม.1 ถ.นิตโย ซ.หนองบัว (ซ.ราษฎร์อุทิศ) ต.หมากแข้ง อ.เมือง หมากแข้ง Tambon Nong Bua, เมือง Chang Wat Udon Thani 41000, Thailand",,,,,5.0,2,,,,,https://weed.th/shop/192b6f4f-bdb5-4f39-911b-7ab907892374/udon-thani/faed-nrk-cannabis-farmer-strike-weed-shop,2026-05-03T23:02:01.791Z
weed_th,ba02c4d1-1aa9-4dca-846b-e519abe537f6,Mee Cha Cannabis NWS,Udon Thani,"261 Tambon Nong Wua So, Amphoe Nong Wua So, Chang Wat Udon Thani 41220, Thailand",,,,,5.0,2,,,,,https://weed.th/shop/ba02c4d1-1aa9-4dca-846b-e519abe537f6/udon-thani/mee-cha-cannabis-nws,2026-05-24T04:33:06.658Z
weed_th,2bd947ce-ba19-4d04-9aea-ddaab31e1139,KIT อะไหล่แต่ง สี่แยกไฟแดงหนองใส41000,Udon Thani,"บ้านเลขที่57/5 หมู่ที่5 บ้านดงอุดม ต ซ. หนองบัว Mueang Udon Thani District, Udon Thani 41000, Thailand",,,,,5.0,4,,,,,https://weed.th/shop/2bd947ce-ba19-4d04-9aea-ddaab31e1139/udon-thani/kit-%E0%B8%AD%E0%B8%B0%E0%B9%84%E0%B8%AB%E0%B8%A5%E0%B9%88%E0%B9%81%E0%B8%95%E0%B9%88%E0%B8%87-%E0%B8%AA%E0%B8%B5%E0%B9%88%E0%B9%81%E0%B8%A2%E0%B8%81%E0%B9%84%E0%B8%9F%E0%B9%81%E0%B8%94%E0%B8%87%E0%B8%AB%E0%B8%99%E0%B8%AD%E0%B8%87%E0%B9%83%E0%B8%AA41000,2026-05-24T04:33:05.101Z
weed_th,17fac348-b3ad-4033-adfb-b84ee985dfd5,AOG cannabis shop,Udon Thani,"CR28+QCR, Nong Bua Sub-district, Mueang Udon Thani District, Udon Thani 41000, Thailand",,,,,5.0,1,,,,,https://weed.th/shop/17fac348-b3ad-4033-adfb-b84ee985dfd5/udon-thani/aog-cannabis-shop,2026-05-03T23:02:01.791Z
weed_th,1d76d428-25e2-468c-8ef9-e29f7d5c0864,tgcnb3,Udon Thani,,,,,,,,,,,,https://weed.th/shop/1d76d428-25e2-468c-8ef9-e29f7d5c0864/udon-thani/tgcnb3,2026-05-03T23:02:01.791Z
weed_th,b9a6cf58-dd2c-446c-8faf-278c1d658fab,High Harvest พรหมประกาย,Udon Thani,"CQ4G+88V, Promprakay Rd, Tambon Ban Lueam, Amphoe Mueang Udon Thani, Chang Wat Udon Thani 41000, Thailand",,,,,5.0,55,,,,,https://weed.th/shop/b9a6cf58-dd2c-446c-8faf-278c1d658fab/udon-thani/high-harvest-%E0%B8%9E%E0%B8%A3%E0%B8%AB%E0%B8%A1%E0%B8%9B%E0%B8%A3%E0%B8%B0%E0%B8%81%E0%B8%B2%E0%B8%A2,2026-05-24T04:32:36.457Z
weed_th,1d87fb1c-242b-4109-9d2e-4d302d83e1c6,Highlights,Udon Thani,"10 14 Pajaksinlapacom Rd, Tambon Mak Khaeng, เมือง Chang Wat Udon Thani 41000, Thailand",,,,,5.0,19,,,,,https://weed.th/shop/1d87fb1c-242b-4109-9d2e-4d302d83e1c6/udon-thani/highlights,2026-05-24T04:32:26.663Z
weed_th,62e49ee1-a070-4abc-a080-6aa47a9622dd,TG Cannabis 3,Udon Thani,"255 ม.2.ซ.โนนขมิ้น8 ต.หนองบัว อ.เมือง หนองยัว Tambon Nong Bua, เมือง Chang Wat Udon Thani 41000, Thailand",,,,,5.0,1,,,,,https://weed.th/shop/62e49ee1-a070-4abc-a080-6aa47a9622dd/udon-thani/tg-cannabis-3,2026-05-24T04:31:55.239Z
weed_th,5090a0d3-4dbd-43e6-8cc6-eeb9f92ed512,Zone A Shop,Udon Thani,"69/10 Tambon Thap Kung, Amphoe Nong Saeng, Chang Wat Udon Thani 41340, Thailand",,,,,5.0,6,,,,,https://weed.th/shop/5090a0d3-4dbd-43e6-8cc6-eeb9f92ed512/udon-thani/zone-a-shop,2026-05-24T04:31:09.186Z
weed_th,dd8bdf11-ca7f-4985-a34f-a796bfc7be11,BOOMTREEHC,Udon Thani,"666 Soi Dusadi 7, Tambon Mak Khaeng, Amphoe Mueang Udon Thani, Chang Wat Udon Thani 41000, Thailand",,,,,5.0,134,,,,,https://weed.th/shop/dd8bdf11-ca7f-4985-a34f-a796bfc7be11/udon-thani/boomtreehc,2026-05-24T04:30:51.768Z
weed_th,e8d9b260-f776-4cb8-931e-e048dff96cbf,Ran Cannabis Run,Udon Thani,"72 10 Thongyai Rd, Mueang Udon Thani District, 41000, Thailand",,,,,5.0,21,,,,,https://weed.th/shop/e8d9b260-f776-4cb8-931e-e048dff96cbf/udon-thani/ran-cannabis-run,2026-05-24T04:30:31.362Z
weed_th,b56f4b5b-5c29-408e-9454-9ca1122fe18a,ดาวเทียม Cannabis,Udon Thani,"2/2 Athipbodi, Tambon Mak Khaeng, Amphoe Mueang Udon Thani, Chang Wat Udon Thani 41000, Thailand",,,,,5.0,2,,,,,https://weed.th/shop/b56f4b5b-5c29-408e-9454-9ca1122fe18a/udon-thani/%E0%B8%94%E0%B8%B2%E0%B8%A7%E0%B9%80%E0%B8%97%E0%B8%B5%E0%B8%A2%E0%B8%A1-cannabis,2026-05-24T04:30:24.664Z
weed_th,7e91a312-23d3-4842-9b84-140d306a0fae,BANNOK SHOP,Udon Thani,"178 1 Soi Siri Mongkhon 1, Tambon Nong Khon Kwang, เมือง Chang Wat Udon Thani 41000, Thailand",,,,,5.0,45,,,,,https://weed.th/shop/7e91a312-23d3-4842-9b84-140d306a0fae/udon-thani/bannok-shop,2026-05-24T04:30:14.367Z
weed_th,d9c5632d-72fa-4f31-a6aa-5f5f69336c45,ร้านขายกัญชา,Udon Thani,,,,,,,,,,,,https://weed.th/shop/d9c5632d-72fa-4f31-a6aa-5f5f69336c45/udon-thani/%E0%B8%A3%E0%B9%89%E0%B8%B2%E0%B8%99%E0%B8%82%E0%B8%B2%E0%B8%A2%E0%B8%81%E0%B8%B1%E0%B8%8D%E0%B8%8A%E0%B8%B2,2026-05-03T23:02:01.791Z
weed_th,a2dea1e6-b15b-456b-9976-57262bad173a,mbarista น้ำโสม,Udon Thani,,,,,,,,,,,,https://weed.th/shop/a2dea1e6-b15b-456b-9976-57262bad173a/udon-thani/mbarista-%E0%B8%99%E0%B9%89%E0%B8%B3%E0%B9%82%E0%B8%AA%E0%B8%A1,2026-05-03T23:02:01.791Z
weed_th,7b9aa8a1-e5da-4486-9c97-d59bf3eceb2d,BANNOK SHOP,Udon Thani,"9R98+3JV ซอยศรีมงคล 1 Tambon Nong Khon Kwang, Amphoe Mueang Udon Thani, Chang Wat Udon Thani 41000, Thailand",,,,,5.0,45,,,,,https://weed.th/shop/7b9aa8a1-e5da-4486-9c97-d59bf3eceb2d/udon-thani/bannok-shop,2026-05-05T20:30:34.848Z
weed_th,f3e37704-1808-4d96-a022-8232506fcc43,บ้านเขียวกัญชา,Udon Thani,,,,,,,,,,,,https://weed.th/shop/f3e37704-1808-4d96-a022-8232506fcc43/udon-thani/%E0%B8%9A%E0%B9%89%E0%B8%B2%E0%B8%99%E0%B9%80%E0%B8%82%E0%B8%B5%E0%B8%A2%E0%B8%A7%E0%B8%81%E0%B8%B1%E0%B8%8D%E0%B8%8A%E0%B8%B2,2026-05-03T23:02:01.791Z
weed_th,e10a918d-00aa-41eb-b32a-fa7de490d99b,THAI STICK STORE,Udon Thani,"161 Prajak Sillapakom, Tambon Mak Khaeng, Amphoe Mueang Udon Thani, Chang Wat Udon Thani 41000, Thailand",,,,,5.0,141,,,,,https://weed.th/shop/e10a918d-00aa-41eb-b32a-fa7de490d99b/udon-thani/thai-stick-store,2026-05-24T04:28:47.798Z
weed_th,f7dc2b95-8705-4b5d-a6db-37b916cabec2,นาเก็นกัญฯ NaKen Cannabis (NKC),Udon Thani,"บ้านนาเก็น Tambon Nong Waeng, Amphoe Nam Som, Chang Wat Udon Thani 41210, Thailand",,,,,5.0,5,,,,,https://weed.th/shop/f7dc2b95-8705-4b5d-a6db-37b916cabec2/udon-thani/%E0%B8%99%E0%B8%B2%E0%B9%80%E0%B8%81%E0%B9%87%E0%B8%99%E0%B8%81%E0%B8%B1%E0%B8%8D%E0%B8%AF-naken-cannabis-nkc,2026-05-24T04:28:04.903Z
weed_th,2bdc2e3a-475f-4cff-b1d1-1f025b0591c3,Udon High (Weed shop),Udon Thani,"309 Nutty Park Tambon Mak Khaeng, เมือง Chang Wat Udon Thani 41000, Thailand",,,,,5.0,18,,,,,https://weed.th/shop/2bdc2e3a-475f-4cff-b1d1-1f025b0591c3/udon-thani/udon-high-weed-shop,2026-05-24T04:25:35.064Z
weed_th,b94f2c28-7df5-43b9-a951-0dd7c481d721,บ้านเขียวกัญชา,Udon Thani,"60 Tambon Sam Phrao, เมือง Chang Wat Udon Thani 41000, Thailand",,,,,5.0,1,,,,,https://weed.th/shop/b94f2c28-7df5-43b9-a951-0dd7c481d721/udon-thani/%E0%B8%9A%E0%B9%89%E0%B8%B2%E0%B8%99%E0%B9%80%E0%B8%82%E0%B8%B5%E0%B8%A2%E0%B8%A7%E0%B8%81%E0%B8%B1%E0%B8%8D%E0%B8%8A%E0%B8%B2,2026-05-24T04:25:29.171Z
weed_th,95445f66-bc65-4625-9acf-62f3257e233f,Herb Blood | Cannabis - Snus nicotine pouch In Udonthani,Udon Thani,"เลขที่ 476 Soi Jintakarm, Tambon Mak Khaeng, Amphoe Mueang Udon Thani, Chang Wat Udon Thani 41000, Thailand",,,,,4.9,32,,,,,https://weed.th/shop/95445f66-bc65-4625-9acf-62f3257e233f/udon-thani/herb-blood-cannabis-snus-nicotine-pouch-in-udonthani,2026-05-24T04:25:22.431Z
weed_th,9716212c-c6aa-43a9-9a08-ebb2adaac1ae,Weed Station Udon Thani,Udon Thani,"Thong Kham, Tambon Mak Khaeng, Amphoe Mueang Udon Thani, Chang Wat Udon Thani 41000, Thailand",,,,,5.0,33,,,,,https://weed.th/shop/9716212c-c6aa-43a9-9a08-ebb2adaac1ae/udon-thani/weed-station-udon-thani,2026-05-24T04:25:12.857Z
weed_th,42801408-7954-4976-a249-9a58f363e228,T.O.P GUN 420,Udon Thani,"395/1 ม.9 ต.หมูม่น อ.เมือง Tambon Mu Mon, เมือง Chang Wat Udon Thani 41000, Thailand",,,,,5.0,1,,,,,https://weed.th/shop/42801408-7954-4976-a249-9a58f363e228/udon-thani/top-gun-420,2026-05-24T04:24:53.620Z
weed_th,605f71f1-9794-4fb9-948b-dcd647d2d6ff,Galaxy cannabis ร้านกัญชาอุดร,Udon Thani,"127 7 Promprakay Rd, Tambon Ban Lueam, เมือง Chang Wat Udon Thani 41000, Thailand",,,,,5.0,19,,,,,https://weed.th/shop/605f71f1-9794-4fb9-948b-dcd647d2d6ff/udon-thani/galaxy-cannabis-%E0%B8%A3%E0%B9%89%E0%B8%B2%E0%B8%99%E0%B8%81%E0%B8%B1%E0%B8%8D%E0%B8%8A%E0%B8%B2%E0%B8%AD%E0%B8%B8%E0%B8%94%E0%B8%A3,2026-05-24T04:24:15.652Z
weed_th,81740d16-84a6-4d27-8750-a1efc20b0e69,420 Cannabis Udon,Udon Thani,"251 6, Tambon Ban Lueam, Amphoe Mueang Udon Thani, Chang Wat Udon Thani 41000, Thailand",,,,,5.0,2,,,,,https://weed.th/shop/81740d16-84a6-4d27-8750-a1efc20b0e69/udon-thani/420-cannabis-udon,2026-05-03T23:02:01.791Z
weed_th,16360586-89de-4678-ba9e-72d4f38dd972,Doze of cannabis 420 กัญชาอุดรธานี,Udon Thani,"219 2 Adulyadej Rd, Tambon Mak Khaeng, Amphoe Mueang Udon Thani, Chang Wat Udon Thani 41000, Thailand",,,,,5.0,40,,,,,https://weed.th/shop/16360586-89de-4678-ba9e-72d4f38dd972/udon-thani/doze-of-cannabis-420-%E0%B8%81%E0%B8%B1%E0%B8%8D%E0%B8%8A%E0%B8%B2%E0%B8%AD%E0%B8%B8%E0%B8%94%E0%B8%A3%E0%B8%98%E0%B8%B2%E0%B8%99%E0%B8%B5,2026-05-24T04:23:06.750Z
weed_th,ac1587e5-f257-4e5a-8691-39ead79284dc,ร้านเรารักกัญ,Udon Thani,"570 1 ถนน อภัยสำราญ Tambon Nong Han, Amphoe Nong Han, Chang Wat Udon Thani 41130, Thailand",,,,,5.0,4,,,,,https://weed.th/shop/ac1587e5-f257-4e5a-8691-39ead79284dc/udon-thani/%E0%B8%A3%E0%B9%89%E0%B8%B2%E0%B8%99%E0%B9%80%E0%B8%A3%E0%B8%B2%E0%B8%A3%E0%B8%B1%E0%B8%81%E0%B8%81%E0%B8%B1%E0%B8%8D,2026-05-24T04:21:50.776Z
weed_th,bfeffb39-4ed9-43cf-8d9e-d5eac041e6e4,คำชะโนด Real Channel,Udon Thani,"485 หมู่ 11 บ้านโนนเมือง Tambon Ban Muang, Amphoe Ban Dung, Chang Wat Udon Thani 41190, Thailand",,,,,5.0,26,,,,,https://weed.th/shop/bfeffb39-4ed9-43cf-8d9e-d5eac041e6e4/udon-thani/%E0%B8%84%E0%B8%B3%E0%B8%8A%E0%B8%B0%E0%B9%82%E0%B8%99%E0%B8%94-real-channel,2026-05-24T04:21:49.777Z
weed_th,448c42a9-b8d5-427a-b384-7d6a748b2806,89 House,Udon Thani,"195 Thanon Thahan, Tambon Mak Khaeng, เมือง, Chang Wat Udon Thani 41000, Thailand",,,,,5.0,1,,,,,https://weed.th/shop/448c42a9-b8d5-427a-b384-7d6a748b2806/udon-thani/89-house,2026-05-24T04:21:12.503Z
weed_th,c5ca96ae-258f-45cd-9524-c8a8d8218e1d,ของดี แคมโขง สาขาอุดร,Udon Thani,"415 บ้าน 7 Soi Donudom, Tambon Mak Khaeng, Amphoe Mueang Udon Thani, Chang Wat Udon Thani 41000, Thailand",,,,,5.0,6,,,,,https://weed.th/shop/c5ca96ae-258f-45cd-9524-c8a8d8218e1d/udon-thani/%E0%B8%82%E0%B8%AD%E0%B8%87%E0%B8%94%E0%B8%B5-%E0%B9%81%E0%B8%84%E0%B8%A1%E0%B9%82%E0%B8%82%E0%B8%87-%E0%B8%AA%E0%B8%B2%E0%B8%82%E0%B8%B2%E0%B8%AD%E0%B8%B8%E0%B8%94%E0%B8%A3,2026-05-24T04:20:19.028Z
weed_th,ec80fea3-d163-4125-b5bf-c7fe94a3e97a,iweed,Udon Thani,"234 ม. 1 ซ. กำนัน Tambon Mak Khaeng, เมือง Chang Wat Udon Thani 41000, Thailand",,,,,5.0,13,,,,,https://weed.th/shop/ec80fea3-d163-4125-b5bf-c7fe94a3e97a/udon-thani/iweed,2026-05-05T20:29:56.925Z
weed_th,6af6224f-fc45-4691-acc3-189fb6544d4a,LoeiTreeHC5 Udonthani,Udon Thani,"336 2 Soi Si Chomchuen 2, Tambon Ban Lueam, Amphoe Mueang Udon Thani, Chang Wat Udon Thani 41000, Thailand",,,,,5.0,81,,,,,https://weed.th/shop/6af6224f-fc45-4691-acc3-189fb6544d4a/udon-thani/loeitreehc5-udonthani,2026-05-03T23:02:01.791Z
weed_th,a772f4e0-d881-41f6-97af-84d427ba6142,THcUD420 organic,Udon Thani,"211 1, Tambon Mu Mon, เมือง Chang Wat Udon Thani 41000, Thailand",,,,,5.0,1,,,,,https://weed.th/shop/a772f4e0-d881-41f6-97af-84d427ba6142/udon-thani/thcud420-organic,2026-05-24T04:19:00.297Z
weed_th,e2d356bf-d3d7-41fe-8d6e-8950eea89c5d,Greenhouses อุดรธานี (กัญชา),Udon Thani,"Soi Lamoon-Utis, Tambon Mak Khaeng, Amphoe Mueang Udon Thani, Chang Wat Udon Thani 41000, Thailand",,,,,5.0,2,,,,,https://weed.th/shop/e2d356bf-d3d7-41fe-8d6e-8950eea89c5d/udon-thani/greenhouses-%E0%B8%AD%E0%B8%B8%E0%B8%94%E0%B8%A3%E0%B8%98%E0%B8%B2%E0%B8%99%E0%B8%B5-%E0%B8%81%E0%B8%B1%E0%B8%8D%E0%B8%8A%E0%B8%B2,2026-05-24T04:18:16.812Z
weed_th,108c4b34-30ef-4e0f-bed2-f0dca9cb2c76,Mee Cha,Udon Thani,"264 10 Thanon Mittraphap, Tambon Mak Khaeng, เมือง Chang Wat Udon Thani 41000, Thailand",,,,,4.6,29,,,,,https://weed.th/shop/108c4b34-30ef-4e0f-bed2-f0dca9cb2c76/udon-thani/mee-cha,2026-05-03T23:02:01.791Z
weed_th,ba3acff4-2f89-414a-8a8f-7c1ac9792663,weedstation udon,Udon Thani,,,,,,,,,,,,https://weed.th/shop/ba3acff4-2f89-414a-8a8f-7c1ac9792663/udon-thani/weedstation-udon,2026-05-03T23:02:01.791Z
weed_th,592e4d6a-4d32-4dc2-a631-78d840e7ba37,greenhouse store udon,Udon Thani,,,,,,,,,,,,https://weed.th/shop/592e4d6a-4d32-4dc2-a631-78d840e7ba37/udon-thani/greenhouse-store-udon,2026-05-03T23:02:01.791Z
weed_th,f39ae053-ab19-4f0c-a84c-2e84b5799530,WeedVeew Udon(สถานีกัญชา),Udon Thani,"Ban Lueam, อำเภอเมืองอุดรธานี อุดรธานี 41000, Thailand",,,,,5.0,93,,,,,https://weed.th/shop/f39ae053-ab19-4f0c-a84c-2e84b5799530/udon-thani/weedveew-udon%E0%B8%AA%E0%B8%96%E0%B8%B2%E0%B8%99%E0%B8%B5%E0%B8%81%E0%B8%B1%E0%B8%8D%E0%B8%8A%E0%B8%B2,2026-05-24T04:17:36.966Z
weed_th,15991ab9-0304-47d1-8681-7a63c6bb79e2,มังกรคาเฟ่ กาแฟกัญชาบิทคอยน์,Udon Thani,"ติดเต็นท์มังกร ต.นาดี อ.เมือง Chang Wat Udon Thani 41000, Thailand",,,,,4.2,14,,,,,https://weed.th/shop/15991ab9-0304-47d1-8681-7a63c6bb79e2/udon-thani/%E0%B8%A1%E0%B8%B1%E0%B8%87%E0%B8%81%E0%B8%A3%E0%B8%84%E0%B8%B2%E0%B9%80%E0%B8%9F%E0%B9%88-%E0%B8%81%E0%B8%B2%E0%B9%81%E0%B8%9F%E0%B8%81%E0%B8%B1%E0%B8%8D%E0%B8%8A%E0%B8%B2%E0%B8%9A%E0%B8%B4%E0%B8%97%E0%B8%84%E0%B8%AD%E0%B8%A2%E0%B8%99%E0%B9%8C,2026-05-03T23:02:01.791Z
weed_th,ae7ba0c9-5842-4387-8245-7c6172141f8c,BoomTreeHC,Udon Thani,"11 ดี 1 Soi Ban Na, Tambon Mak Khaeng, Amphoe Mueang Udon Thani, Chang Wat Udon Thani 41000, Thailand",,,,,5.0,139,,,,,https://weed.th/shop/ae7ba0c9-5842-4387-8245-7c6172141f8c/udon-thani/boomtreehc,2026-05-03T23:02:01.791Z
weed_th,b550202e-d44e-44bd-abe6-a4e0627d6f00,PTK 420 Cannabis,Udon Thani,"FM2W+PJ4, Chiang Yuen, Mueang Udon Thani District, Udon Thani 41000, Thailand",,,,,5.0,1,,,,,https://weed.th/shop/b550202e-d44e-44bd-abe6-a4e0627d6f00/udon-thani/ptk-420-cannabis,2026-05-24T04:16:33.418Z
weed_th,13e61d59-42fd-40aa-b07f-258dd1613c9c,จอนจัดShop&amp;สามพร้าว,Udon Thani,"315 Tambon Sam Phrao, เมือง Chang Wat Udon Thani 41000, Thailand",,,,,5.0,1,,,,,https://weed.th/shop/13e61d59-42fd-40aa-b07f-258dd1613c9c/udon-thani/%E0%B8%88%E0%B8%AD%E0%B8%99%E0%B8%88%E0%B8%B1%E0%B8%94shop%E0%B8%AA%E0%B8%B2%E0%B8%A1%E0%B8%9E%E0%B8%A3%E0%B9%89%E0%B8%B2%E0%B8%A7,2026-05-24T04:16:17.483Z
weed_th,800f01ea-fe9a-40a0-a0c9-ce78d87bee53,LoeiTreeHC5,Udon Thani,"336 2 Nong Tao Lek, Tambon Ban Lueam, Amphoe Mueang Udon Thani, Chang Wat Udon Thani 41000, Thailand",,,,,4.9,83,,,,,https://weed.th/shop/800f01ea-fe9a-40a0-a0c9-ce78d87bee53/udon-thani/loeitreehc5,2026-05-03T23:02:01.791Z
weed_th,4fc8f4e4-6099-4f3e-906c-504968f4b91a,mrsadman farm,Udon Thani,,,,,,,,,,,,https://weed.th/shop/4fc8f4e4-6099-4f3e-906c-504968f4b91a/udon-thani/mrsadman-farm,2026-05-03T23:02:01.791Z
weed_th,fd79a912-2dda-464c-b30b-21a89d627496,smart cannabis by aog,Udon Thani,,,,,,,,,,,,https://weed.th/shop/fd79a912-2dda-464c-b30b-21a89d627496/udon-thani/smart-cannabis-by-aog,2026-05-03T23:02:01.791Z
weed_th,5fc0b876-8d06-4a09-a5af-bd6fa310326d,420PrachasantiUdon (สันติสุข),Udon Thani,"135 9 Pracha Santi, Tambon Nong Bua, Amphoe Mueang Udon Thani, Chang Wat Udon Thani 41000, Thailand",,,,,5.0,3,,,,,https://weed.th/shop/5fc0b876-8d06-4a09-a5af-bd6fa310326d/udon-thani/420prachasantiudon-%E0%B8%AA%E0%B8%B1%E0%B8%99%E0%B8%95%E0%B8%B4%E0%B8%AA%E0%B8%B8%E0%B8%82,2026-05-24T04:13:53.954Z
weed_th,dfe0d70c-77a6-4fea-b502-7847eea31cdb,Cannabis First shop,Udon Thani,"GRW2+636 ถ. มิตรภาพ เมือง Tambon Na Kha, Amphoe Mueang Udon Thani, Chang Wat Udon Thani 41000, Thailand",,,,,5.0,9,,,,,https://weed.th/shop/dfe0d70c-77a6-4fea-b502-7847eea31cdb/udon-thani/cannabis-first-shop,2026-05-24T04:13:34.282Z
weed_th,353e4361-8d3f-4e8a-863e-1a4d61aa2052,The Blusir Cannabis,Udon Thani,"9RW5+RWV ซอย กํานัน Tambon Nong Bua, Amphoe Mueang Udon Thani, Chang Wat Udon Thani 41000, Thailand",,,,,4.6,10,,,,,https://weed.th/shop/353e4361-8d3f-4e8a-863e-1a4d61aa2052/udon-thani/the-blusir-cannabis,2026-05-03T23:02:01.791Z
weed_th,0f04cd13-ee6c-4cd8-b38e-eacf27f5673d,weedland cannabis shop,Udon Thani,,,,,,,,,,,,https://weed.th/shop/0f04cd13-ee6c-4cd8-b38e-eacf27f5673d/udon-thani/weedland-cannabis-shop,2026-05-03T23:02:01.791Z
weed_th,9fdc4323-9efc-46a5-bd92-3b6e48df6e3b,UDFarm,Udon Thani,"307 20 ถนน Prajak Sillapakom, Tambon Mak Khaeng, Amphoe Mueang Udon Thani, Chang Wat Udon Thani 41000, Thailand",,,,,5.0,2,,,,,https://weed.th/shop/9fdc4323-9efc-46a5-bd92-3b6e48df6e3b/udon-thani/udfarm,2026-05-03T23:02:01.791Z
weed_th,049f6948-7076-4971-8e4b-5d538b20e566,บังเนื้อหอม 420,Udon Thani,"CQ2X+4H3, Mak Khaeng Sub-district, Mueang Udon Thani District, Udon Thani 41000, Thailand",,,,,5.0,7,,,,,https://weed.th/shop/049f6948-7076-4971-8e4b-5d538b20e566/udon-thani/%E0%B8%9A%E0%B8%B1%E0%B8%87%E0%B9%80%E0%B8%99%E0%B8%B7%E0%B9%89%E0%B8%AD%E0%B8%AB%E0%B8%AD%E0%B8%A1-420,2026-05-24T04:12:13.642Z
weed_th,a8ebad9b-72bb-4c84-aeac-eeb959055275,บ้านเขียวกัญชา,Udon Thani,,,,,,,,,,,,https://weed.th/shop/a8ebad9b-72bb-4c84-aeac-eeb959055275/udon-thani/%E0%B8%9A%E0%B9%89%E0%B8%B2%E0%B8%99%E0%B9%80%E0%B8%82%E0%B8%B5%E0%B8%A2%E0%B8%A7%E0%B8%81%E0%B8%B1%E0%B8%8D%E0%B8%8A%E0%B8%B2,2026-05-03T23:02:01.791Z
weed_th,102ff984-2191-4c68-8dab-ad10f9fd21d5,WarpLabBUD,Udon Thani,"84 Tambon Si Sut Tho, Amphoe Ban Dung, Chang Wat Udon Thani 41190, Thailand",,,,,5.0,20,,,,,https://weed.th/shop/102ff984-2191-4c68-8dab-ad10f9fd21d5/udon-thani/warplabbud,2026-05-24T04:11:57.309Z
weed_th,9be8f782-c30d-4e4c-acce-d89c12b3b2c6,บ้านกัญ Cannabis house,Udon Thani,"Q683+3FF, ทางหลวงแผ่นดินหมายเลข 2348, Tambon Na Ngua, Amphoe Nam Som, Chang Wat Udon Thani 41210, Thailand",,,,,5.0,6,,,,,https://weed.th/shop/9be8f782-c30d-4e4c-acce-d89c12b3b2c6/udon-thani/%E0%B8%9A%E0%B9%89%E0%B8%B2%E0%B8%99%E0%B8%81%E0%B8%B1%E0%B8%8D-cannabis-house,2026-05-24T04:11:55.808Z
